{
    "total_distance": 101090.00089293937,
    "total_distance_by_mode": {
        "avion": 38264.511239176754,
        "bateau": 0,
        "bus": 27300.97555414251,
        "voiture": 27634.72933536938,
        "\u00e0 pied": 7181.633286450248
    },
    "total_percentage_by_mode": {
        "avion": 37.851924919558826,
        "bateau": 0.0,
        "bus": 27.006603336620756,
        "voiture": 27.33675842444228,
        "\u00e0 pied": 7.104197470584698
    }
}